"0","## MAE"
"0","# evaluating the difference between the arima and sarima recursive multi-step ahead forecast "
"0","mae(maize_ts$test[1:12], arima_forecast1$mean[1:12])"
"1","[1]"
"1"," 0.01386103"
"1","
"
"0","mae(maize_ts$test[1:12], sarima_forecast1$mean[1:12])"
"1","[1]"
"1"," 0.01201888"
"1","
"
"0","mae(maize_ts$test[1:12], arima_forecast1$mean[1:12]) > rmse(maize_ts$test[1:12], sarima_forecast1$mean[1:12])"
"1","[1]"
"1"," FALSE"
"1","
"
"0","# evaluating the difference between the arima and sarima expanding window one-step ahead forecast"
"0","mae(maize_ts$test[1:12], arima_forecast2[1:12])"
"1","[1]"
"1"," 0.008133314"
"1","
"
"0","mae(maize_ts$test[1:12], sarima_forecast2[1:12])"
"1","[1]"
"1"," 0.008792518"
"1","
"
"0","mae(maize_ts$test[1:12], arima_forecast2[1:12]) > rmse(maize_ts$test[1:12], sarima_forecast2[1:12])"
"1","[1]"
"1"," FALSE"
"1","
"
"0","# evaluating the difference between the arima and sarima rolling window one-step ahead forecast (10 years of data)"
"0","mae(maize_ts$test[1:12], arima_forecast3[1:12])"
"1","[1]"
"1"," 0.0081682"
"1","
"
"0","mae(maize_ts$test[1:12], sarima_forecast3[1:12])"
"1","[1]"
"1"," 0.008947664"
"1","
"
"0","mae(maize_ts$test[1:12], arima_forecast3[1:12]) > rmse(maize_ts$test[1:12], sarima_forecast3[1:12])"
"1","[1]"
"1"," FALSE"
"1","
"
