"0",""
"0","# create a plotting data frame"
"0","plot_df <- data.frame(date = time(maize_ts_copy), "
"0","                      train = c(maize_ts$train, rep(NA, length(maize_ts$test))),"
"0","                      test = c(rep(NA, length(maize_ts$train)), maize_ts$test),"
"0","                      arima_recursive = c(rep(NA, length(maize_ts$train)), arima_forecast1$mean),"
"0","                      sarima_recursive = c(rep(NA, length(maize_ts$train)), sarima_forecast1$mean),"
"0","                      arima_expanding = c(rep(NA, length(maize_ts$train)), arima_forecast2),"
"0","                      sarima_expanding = c(rep(NA, length(maize_ts$train)), sarima_forecast2),"
"0","                      arima_rolling = c(rep(NA, length(maize_ts$train)), arima_forecast3),"
"0","                      sarima_rolling = c(rep(NA, length(maize_ts$train)), sarima_forecast3))"
"0",""
"0","# use pivot longer to prepare the data"
"0","library(tidyverse)"
"2","Registered S3 methods overwritten by 'dbplyr':
  method         from
  print.tbl_lazy     
  print.tbl_sql      
"
"2","[30m── [1mAttaching packages[22m ───────────────────────────────────────────────────────────────────────────────────────────────────────────────────────────────── tidyverse 1.3.0 ──[39m
"
"2","[30m[32m✓[30m [34mtibble [30m 3.0.4     [32m✓[30m [34mdplyr  [30m 1.0.2
[32m✓[30m [34mtidyr  [30m 1.1.3     [32m✓[30m [34mstringr[30m 1.4.0
[32m✓[30m [34mreadr  [30m 1.3.1     [32m✓[30m [34mforcats[30m 0.5.0
[32m✓[30m [34mpurrr  [30m 0.3.3     [39m
"
"2","[30m── [1mConflicts[22m ──────────────────────────────────────────────────────────────────────────────────────────────────────────────────────────────────── tidyverse_conflicts() ──
[31mx[30m [34mreadr[30m::[32mcol_factor()[30m masks [34mscales[30m::col_factor()
[31mx[30m [34mpurrr[30m::[32mdiscard()[30m    masks [34mscales[30m::discard()
[31mx[30m [34mdplyr[30m::[32mfilter()[30m     masks [34mtimeSeries[30m::filter(), [34mstats[30m::filter()
[31mx[30m [34mdplyr[30m::[32mfirst()[30m      masks [34mxts[30m::first()
[31mx[30m [34mdplyr[30m::[32mlag()[30m        masks [34mtimeSeries[30m::lag(), [34mstats[30m::lag()
[31mx[30m [34mdplyr[30m::[32mlast()[30m       masks [34mxts[30m::last()
[31mx[30m [34mpurrr[30m::[32mlift()[30m       masks [34mcaret[30m::lift()[39m
"
"0","plot_df <- plot_df %>% pivot_longer(cols = c(train, test, arima_recursive, sarima_recursive, arima_expanding, sarima_expanding, arima_rolling, sarima_rolling))"
"0","plot_df <- plot_df[!is.na(plot_df$value),]"
"0","  "
"0","# plotting forecasts of different methods"
"0","library(ggplot2)"
"0","ggplot(plot_df, aes(x=date, y=value, color=name)) + geom_line() + ggtitle(""Forecasts of Maize price with different strategies"")"
"0",""
