"0","## MAPE"
"0","# evaluating the difference between the arima recursive and arima expanding forecast "
"0","mape(sorgh_ts$test[1:12], arima_forecast1$mean[1:12])"
"1","[1]"
"1"," 0.1453093"
"1","
"
"0","mape(sorgh_ts$test[1:12], arima_forecast2[1:12])"
"1","[1]"
"1"," 0.04776085"
"1","
"
"0","mape(sorgh_ts$test[1:12], arima_forecast1$mean[1:12]) > mape(sorgh_ts$test[1:12], arima_forecast2[1:12])"
"1","[1]"
"1"," TRUE"
"1","
"
"0","# evaluating the difference between the arima recursive and arima rolling window one-step ahead forecast"
"0","mape(sorgh_ts$test[1:12], arima_forecast1$mean[1:12])"
"1","[1]"
"1"," 0.1453093"
"1","
"
"0","mape(sorgh_ts$test[1:12], arima_forecast3[1:12])"
"1","[1]"
"1"," 0.04752309"
"1","
"
"0","mape(sorgh_ts$test[1:12], arima_forecast1$mean[1:12]) > mape(sorgh_ts$test[1:12], arima_forecast3[1:12])"
"1","[1]"
"1"," TRUE"
"1","
"
"0","# evaluating the difference between the arima rolling and arima expanding"
"0","mape(sorgh_ts$test[1:12], arima_forecast3[1:12])"
"1","[1]"
"1"," 0.04752309"
"1","
"
"0","mape(sorgh_ts$test[1:12], arima_forecast2[1:12])"
"1","[1]"
"1"," 0.04776085"
"1","
"
"0","mape(sorgh_ts$test[1:12], arima_forecast2[1:12]) > mape(sorgh_ts$test[1:12], arima_forecast3[1:12])"
"1","[1]"
"1"," TRUE"
"1","
"
