"0","library(""PerformanceAnalytics"")"
"2","Loading required package: xts
"
"2","Loading required package: zoo
"
"2","
Attaching package: ‘zoo’

"
"2","The following object is masked from ‘package:timeSeries’:

    time<-

"
"2","The following objects are masked from ‘package:base’:

    as.Date, as.Date.numeric

"
"2","
Attaching package: ‘PerformanceAnalytics’

"
"2","The following objects are masked from ‘package:timeDate’:

    kurtosis, skewness

"
"2","The following object is masked from ‘package:graphics’:

    legend

"
"0","# Visualization of plot, AFC and PACF "
"0",""
"0","layout(matrix(c(1, 2, 1,3), nrow=2, ncol=2, byrow=F)) "
"0","par(oma=c(1.0,1.0,0,1.5), mgp=c(1.85,.5,0),mar=c(1.5,2.5,0,1.5) + 0.1, las=1,cex.axis=0.7, tcl = -0.3,cex=0.45,lab = c(10, 6, 7))"
"0","plot(wheat_ts$train, col=""blue"", lwd=2, xlab="""", ylab=""Wheat (100 kg)"" )"
