"0","# setting a working directory"
"0",""
"0","setwd(""~/Desktop/R-code and data"")"
"0",""
"0","# importing the original data"
"0","df <- read.csv(""Kenya_Nairobi_Maize_Jan2006_Jan2021.csv"")"
"0","colnames(df) <- c('date', 'price')"
"0",""
"0","# transforming the data to a ts object"
"0","maize_ts <- ts(as.vector(t(df$price)), c(2006,1), end = c(2021,1), frequency = 12) "
"0","str(maize_ts); start(maize_ts); end(maize_ts); frequency(maize_ts)"
"1"," Time-Series [1:181] from 2006 to 2021: "
"1",""
"1","0.21 0.23 0.23 0.24 0.25 0.23 0.25 0.24 0.2 0.2"
"1",""
"1"," ..."
"1",""
"1","
"
"1","[1]"
"1"," 2006"
"1","    1"
"1","
"
"1","[1]"
"1"," 2021"
"1","    1"
"1","
"
"1","[1]"
"1"," 12"
"1","
"
"0","summary(maize_ts)"
"1","   Min. "
"1","1st Qu. "
"1"," Median "
"1","   Mean "
"1","3rd Qu. "
"1","   Max. "
"1","
"
"1"," 0.1700 "
"1"," 0.2800 "
"1"," 0.3200 "
"1"," 0.3233 "
"1"," 0.3700 "
"1"," 0.5400 "
"1","
"
"0","library(fBasics)"
"0","basicStats(maize_ts)"
