"0",""
"0",""
"0","# model evaluation"
"0",""
"0","#accuracy(dnn_forecast, sr_price.2)"
"0",""
"0","regr.eval(sr_price.2, rol.f)"
"1","       mae "
"1","       mse "
"1","      rmse "
"1","      mape "
"1","
"
"1","0.12302288 "
"1","0.02835097 "
"1","0.16837746 "
"1","0.35636285 "
"1","
"
"0","# Short-run forecast"
"0",""
"0","annar_recurs_sr <- ts(dnn_forecast_sr$mean, start = 2016, frequency = 12)"
"0",""
"0",""
"0","#accuracy(annar_recurs, sr_price.3)"
"0",""
"0","regr.eval(sr_price.3, annar_recurs_sr)"
"1","        mae "
"1","        mse "
"1","       rmse "
"1","       mape "
"1","
"
"1","0.044365913 "
"1","0.003734353 "
"1","0.061109356 "
"1","0.093891939 "
"1","
"
