{"chunk_definitions":[{"row":26,"row_count":1,"visible":true,"expansion_state":0,"options":{"engine":"r","label":"unnamed-chunk-11"},"document_id":"46C0E7F1","chunk_id":"czegwhgpffqv4","chunk_label":"unnamed-chunk-1"},{"row":36,"row_count":1,"visible":true,"expansion_state":0,"options":{"engine":"r","label":"unnamed-chunk-12"},"document_id":"46C0E7F1","chunk_id":"cyuqc1o47h3zo","chunk_label":"unnamed-chunk-2"},{"row":58,"row_count":1,"visible":true,"expansion_state":0,"options":{"engine":"r","label":"unnamed-chunk-13"},"document_id":"46C0E7F1","chunk_id":"cpxb41h4qlckb","chunk_label":"unnamed-chunk-3"},{"row":72,"row_count":1,"visible":true,"expansion_state":0,"options":{"engine":"r","label":"unnamed-chunk-14"},"document_id":"46C0E7F1","chunk_id":"cjmqozdj42zwz","chunk_label":"unnamed-chunk-4"},{"row":89,"row_count":1,"visible":true,"expansion_state":0,"options":{"engine":"r","label":"unnamed-chunk-15"},"document_id":"46C0E7F1","chunk_id":"c9i6ruxq79upc","chunk_label":"unnamed-chunk-5"},{"row":115,"row_count":1,"visible":true,"expansion_state":0,"options":{"engine":"r","label":"unnamed-chunk-16"},"document_id":"46C0E7F1","chunk_id":"cwfvam5gcwj9i","chunk_label":"unnamed-chunk-6"},{"row":140,"row_count":1,"visible":true,"expansion_state":0,"options":{"engine":"r","label":"unnamed-chunk-17"},"document_id":"46C0E7F1","chunk_id":"c46ivqol4irx3","chunk_label":"unnamed-chunk-7"},{"row":162,"row_count":1,"visible":true,"expansion_state":0,"options":{"engine":"r","label":"unnamed-chunk-18"},"document_id":"46C0E7F1","chunk_id":"cyykx0ow0bt8p","chunk_label":"unnamed-chunk-8"},{"row":202,"row_count":1,"visible":true,"expansion_state":0,"options":{"engine":"r","label":"unnamed-chunk-19"},"document_id":"46C0E7F1","chunk_id":"civvg54nq3tq3","chunk_label":"unnamed-chunk-9"},{"row":230,"row_count":1,"visible":true,"expansion_state":0,"options":{"engine":"r","label":"unnamed-chunk-20"},"document_id":"46C0E7F1","chunk_id":"ce03gaatyxydu","chunk_label":"unnamed-chunk-10"},{"row":259,"row_count":1,"visible":true,"expansion_state":0,"options":{"engine":"r","label":"unnamed-chunk-21"},"document_id":"46C0E7F1","chunk_id":"c6c05x6lfrze4","chunk_label":"unnamed-chunk-11"},{"row":280,"row_count":1,"visible":true,"expansion_state":0,"options":{"engine":"r","label":"unnamed-chunk-22"},"document_id":"46C0E7F1","chunk_id":"ca4ewltan3u4b","chunk_label":"unnamed-chunk-12"},{"row":301,"row_count":1,"visible":true,"expansion_state":0,"options":{"engine":"r","label":"unnamed-chunk-23"},"document_id":"46C0E7F1","chunk_id":"cjnv9tt99wpx1","chunk_label":"unnamed-chunk-13"},{"row":328,"row_count":1,"visible":true,"expansion_state":0,"options":{"engine":"r","label":"unnamed-chunk-24"},"document_id":"46C0E7F1","chunk_id":"cp5uhz9k4wg2g","chunk_label":"unnamed-chunk-14"},{"row":347,"row_count":1,"visible":true,"expansion_state":0,"options":{"engine":"r","label":"unnamed-chunk-25"},"document_id":"46C0E7F1","chunk_id":"cb6ev0b493ure","chunk_label":"unnamed-chunk-15"},{"row":366,"row_count":1,"visible":true,"expansion_state":0,"options":{"engine":"r","label":"unnamed-chunk-26"},"document_id":"46C0E7F1","chunk_id":"cme8a0kcut4b1","chunk_label":"unnamed-chunk-16"},{"row":404,"row_count":1,"visible":true,"expansion_state":0,"options":{"engine":"r","label":"unnamed-chunk-1"},"document_id":"46C0E7F1","chunk_id":"c0i4jp4en95nl","chunk_label":"unnamed-chunk-17"},{"row":444,"row_count":1,"visible":true,"expansion_state":0,"options":{"engine":"r","label":"unnamed-chunk-1"},"document_id":"46C0E7F1","chunk_id":"crbmcx0q7sfv0","chunk_label":"unnamed-chunk-18"},{"row":484,"row_count":1,"visible":true,"expansion_state":0,"options":{"engine":"r","label":"unnamed-chunk-3"},"document_id":"46C0E7F1","chunk_id":"cp17dr2vv5ojl","chunk_label":"unnamed-chunk-19"},{"row":488,"row_count":1,"visible":true,"expansion_state":0,"options":{"engine":"r","label":"unnamed-chunk-4"},"document_id":"46C0E7F1","chunk_id":"ca9mpil0xvlgd","chunk_label":"unnamed-chunk-20"},{"row":515,"row_count":1,"visible":true,"expansion_state":0,"options":{"engine":"r","label":"unnamed-chunk-4"},"document_id":"46C0E7F1","chunk_id":"cf14a95rwqlai","chunk_label":"unnamed-chunk-21"},{"row":535,"row_count":1,"visible":true,"expansion_state":0,"options":{"engine":"r","label":"unnamed-chunk-6"},"document_id":"46C0E7F1","chunk_id":"ce4bhkpj7pzjv","chunk_label":"unnamed-chunk-22"},{"row":591,"row_count":1,"visible":true,"expansion_state":0,"options":{"engine":"r","label":"unnamed-chunk-7"},"document_id":"46C0E7F1","chunk_id":"c1uaamhmh9ix3","chunk_label":"unnamed-chunk-23"},{"row":608,"row_count":1,"visible":true,"expansion_state":0,"options":{"engine":"r","label":"unnamed-chunk-8"},"document_id":"46C0E7F1","chunk_id":"crytfts95nr6d","chunk_label":"unnamed-chunk-24"},{"row":666,"row_count":1,"visible":true,"expansion_state":0,"options":{"engine":"r","label":"unnamed-chunk-1"},"document_id":"46C0E7F1","chunk_id":"cul9jnwudhtcr","chunk_label":"unnamed-chunk-25"},{"row":685,"row_count":1,"visible":true,"expansion_state":0,"options":{"engine":"r","label":"unnamed-chunk-2"},"document_id":"46C0E7F1","chunk_id":"cobmigapl6bcj","chunk_label":"unnamed-chunk-26"},{"row":751,"row_count":1,"visible":true,"expansion_state":0,"options":{"engine":"r","label":"unnamed-chunk-3"},"document_id":"46C0E7F1","chunk_id":"cjcaersc4daod","chunk_label":"unnamed-chunk-27"},{"row":773,"row_count":1,"visible":true,"expansion_state":0,"options":{"engine":"r","label":"unnamed-chunk-4"},"document_id":"46C0E7F1","chunk_id":"cvr8sdi2s70j3","chunk_label":"unnamed-chunk-28"},{"row":831,"row_count":1,"visible":true,"expansion_state":0,"options":{"engine":"r","label":"unnamed-chunk-1"},"document_id":"46C0E7F1","chunk_id":"cs8bry07a5lq9","chunk_label":"unnamed-chunk-29"},{"row":851,"row_count":1,"visible":true,"expansion_state":0,"options":{"engine":"r","label":"unnamed-chunk-1"},"document_id":"46C0E7F1","chunk_id":"cvw5uhk5i8azt","chunk_label":"unnamed-chunk-30"},{"row":900,"row_count":1,"visible":true,"expansion_state":0,"options":{"engine":"r","label":"unnamed-chunk-3"},"document_id":"46C0E7F1","chunk_id":"cvg6e8trmn3dk","chunk_label":"unnamed-chunk-31"},{"row":938,"row_count":1,"visible":true,"expansion_state":0,"options":{"engine":"r","label":"unnamed-chunk-4"},"document_id":"46C0E7F1","chunk_id":"c28ilxz31ioqt","chunk_label":"unnamed-chunk-32"},{"row":980,"row_count":1,"visible":true,"expansion_state":0,"options":{"engine":"r","label":"unnamed-chunk-23"},"document_id":"46C0E7F1","chunk_id":"ct3bh7xe56ahm","chunk_label":"unnamed-chunk-33"},{"row":1033,"row_count":1,"visible":true,"expansion_state":0,"options":{"engine":"r","label":"unnamed-chunk-24"},"document_id":"46C0E7F1","chunk_id":"cvnfnb6zni07u","chunk_label":"unnamed-chunk-34"},{"row":1055,"row_count":1,"visible":true,"expansion_state":0,"options":{"engine":"r","label":"unnamed-chunk-25"},"document_id":"46C0E7F1","chunk_id":"clr12nkb5q4pd","chunk_label":"unnamed-chunk-35"}],"doc_write_time":1632222508,"chunk_rendered_width":700}