"0",""
"0","### MAE"
"0",""
"0","# evaluating the difference between the arima and sarima recursive multi-step ahead forecast "
"0","mae(wheat_ts$test, arima_forecast1$mean)"
"1","[1]"
"1"," 0.07304003"
"1","
"
"0","mae(wheat_ts$test, sarima_forecast1$mean)"
"1","[1]"
"1"," 0.07348038"
"1","
"
"0","mae(wheat_ts$test, arima_forecast1$mean) > rmse(wheat_ts$test, sarima_forecast1$mean)"
"1","[1]"
"1"," FALSE"
"1","
"
"0","# evaluating the difference between the arima and sarima expanding window one-step ahead forecast"
"0","mae(wheat_ts$test, arima_forecast2)"
"1","[1]"
"1"," 0.01618905"
"1","
"
"0","mae(wheat_ts$test, sarima_forecast2)"
"1","[1]"
"1"," 0.01644886"
"1","
"
"0","mae(wheat_ts$test, arima_forecast2) > rmse(wheat_ts$test, sarima_forecast2)"
"1","[1]"
"1"," FALSE"
"1","
"
"0","# evaluating the difference between the arima and sarima rolling window one-step ahead forecast (10 years of data)"
"0","mae(wheat_ts$test, arima_forecast3)"
"1","[1]"
"1"," 0.01619555"
"1","
"
"0","mae(wheat_ts$test, sarima_forecast3)"
"1","[1]"
"1"," 0.01640669"
"1","
"
"0","mae(wheat_ts$test, arima_forecast3) > rmse(wheat_ts$test, sarima_forecast3)"
"1","[1]"
"1"," FALSE"
"1","
"
