"0","library(Metrics)"
"0","## RMSE"
"0","# evaluating the difference between the arima and sarima recursive multi-step ahead forecast "
"0","rmse(wheat_ts$test[1:12], arima_forecast1$mean[1:12])"
"1","[1]"
"1"," 0.07495056"
"1","
"
"0","rmse(wheat_ts$test[1:12], sarima_forecast1$mean[1:12])"
"1","[1]"
"1"," 0.07424938"
"1","
"
"0","rmse(wheat_ts$test[1:12], arima_forecast1$mean[1:12]) > rmse(wheat_ts$test[1:12], sarima_forecast1$mean[1:12])"
"1","[1]"
"1"," TRUE"
"1","
"
"0","# evaluating the difference between the arima and sarima expanding window one-step ahead forecast"
"0","rmse(wheat_ts$test[1:12], arima_forecast2[1:12])"
"1","[1]"
"1"," 0.01334706"
"1","
"
"0","rmse(wheat_ts$test[1:12], sarima_forecast2[1:12])"
"1","[1]"
"1"," 0.01381244"
"1","
"
"0","rmse(wheat_ts$test[1:12], arima_forecast2[1:12]) > rmse(wheat_ts$test[1:12], sarima_forecast2[1:12])"
"1","[1]"
"1"," FALSE"
"1","
"
"0","# evaluating the difference between the arima and sarima rolling window one-step ahead forecast (10 years of data)"
"0","rmse(wheat_ts$test[1:12], arima_forecast3[1:12])"
"1","[1]"
"1"," 0.01336026"
"1","
"
"0","rmse(wheat_ts$test[1:12], sarima_forecast3[1:12])"
"1","[1]"
"1"," 0.01372121"
"1","
"
"0","rmse(wheat_ts$test[1:12], arima_forecast3[1:12]) > rmse(wheat_ts$test[1:12], sarima_forecast3[1:12])"
"1","[1]"
"1"," FALSE"
"1","
"
