"0",""
"0","# fitting and forecasting with ann model 2 using lags 12 "
"0",""
"0","set.seed(100)"
"0",""
"0","neural.price.model <- nnet(Price ~ pricelag12, "
"0","                           data = data.train,"
"0","                           maxit=10000,  "
"0","                           size = 3, "
"0","                           decay = 0.001, "
"0","                           linout = 0, "
"0","                           skip=T, "
"0","                           MaxNWts=1000, "
"0","                           trace=FALSE)"
"0",""
"0",""
"0","neural.price.model"
"1","a "
"1",""
"1","1"
"1",""
"1","-"
"1",""
"1","3"
"1",""
"1","-"
"1",""
"1","1"
"1",""
"1"," network"
"1"," with"
"1"," "
"1","11"
"1"," "
"1","weights
"
"1","inputs:"
"1"," "
"1","pricelag12"
"1"," "
"1","
output(s):"
"1"," "
"1","Price"
"1"," "
"1","
"
"1","options were -"
"1"," skip-layer connections "
"1"," decay="
"1",""
"1","0.001"
"1","
"
"0","#Predict Close Price on test data"
"0","data.test$NN_Prediction <- predict(neural.price.model, newdata = data.test)"
"0",""
"0",""
"0",""
"0",""
"0","# viz comparison plot"
"0",""
"0","rol.f <- ts( data.test$NN_Prediction , start = 2016, frequency = 12)"
"0","plot(rol.f)"
