"0",""
"0","# create a plotting data frame"
"0","plot_df <- data.frame(date = time(sorgh_ts_copy), "
"0","                      train = c(sorgh_ts$train, rep(NA, length(sorgh_ts$test))),"
"0","                      test = c(rep(NA, length(sorgh_ts$train)), sorgh_ts$test),"
"0","                      arima_recursive = c(rep(NA, length(sorgh_ts$train)), arima_forecast1$mean),"
"0","                      arima_expanding = c(rep(NA, length(sorgh_ts$train)), arima_forecast2),"
"0","                      arima_rolling = c(rep(NA, length(sorgh_ts$train)), arima_forecast3))"
"0","                      "
"0",""
"0","                     "
"0","                      "
"0","                      "
"0","                      "
"0","                      "
"0","# use pivot longer to prepare the data"
"0","library(tidyverse)"
"0","plot_df <- plot_df %>% pivot_longer(cols = c(train, test, arima_recursive, arima_expanding,  arima_rolling))"
"0","plot_df <- plot_df[!is.na(plot_df$value),]"
"0","  "
"0","# plotting forecasts of different methods"
"0","library(ggplot2)"
"0","ggplot(plot_df, aes(x=date, y=value, color=name)) + geom_line() + ggtitle(""Forecasts of Sorghum prices with different strategies "")"
"0",""
