"0","library(Metrics)"
"0",""
"0","### RMSE"
"0","# evaluating the difference between the arima recursive and arima expanding forecast "
"0","rmse(sorgh_ts$test, arima_forecast1$mean)"
"1","[1]"
"1"," 0.1323589"
"1","
"
"0","rmse(sorgh_ts$test, arima_forecast2)"
"1","[1]"
"1"," 0.0783722"
"1","
"
"0","rmse(sorgh_ts$test, arima_forecast1$mean) > rmse(sorgh_ts$test, arima_forecast2)"
"1","[1]"
"1"," TRUE"
"1","
"
"0","# evaluating the difference between the arima recursive and arima rolling window one-step ahead forecast"
"0","rmse(sorgh_ts$test, arima_forecast1$mean)"
"1","[1]"
"1"," 0.1323589"
"1","
"
"0","rmse(sorgh_ts$test, arima_forecast3)"
"1","[1]"
"1"," 0.07425039"
"1","
"
"0","rmse(sorgh_ts$test, arima_forecast1$mean) > rmse(sorgh_ts$test, arima_forecast3)"
"1","[1]"
"1"," TRUE"
"1","
"
"0","# evaluating the difference between the arima rolling and arima expanding"
"0","rmse(sorgh_ts$test, arima_forecast3)"
"1","[1]"
"1"," 0.07425039"
"1","
"
"0","rmse(sorgh_ts$test, arima_forecast2)"
"1","[1]"
"1"," 0.0783722"
"1","
"
"0","rmse(sorgh_ts$test, arima_forecast2) > rmse(sorgh_ts$test, arima_forecast3)"
"1","[1]"
"1"," TRUE"
"1","
"
