"0","## MAE"
"0","# evaluating the difference between the arima and sarima recursive multi-step ahead forecast "
"0","mae(wheat_ts$test[1:12], arima_forecast1$mean[1:12])"
"1","[1]"
"1"," 0.06457836"
"1","
"
"0","mae(wheat_ts$test[1:12], sarima_forecast1$mean[1:12])"
"1","[1]"
"1"," 0.06404223"
"1","
"
"0","mae(wheat_ts$test[1:12], arima_forecast1$mean[1:12]) > rmse(wheat_ts$test[1:12], sarima_forecast1$mean[1:12])"
"1","[1]"
"1"," FALSE"
"1","
"
"0","# evaluating the difference between the arima and sarima expanding window one-step ahead forecast"
"0","mae(wheat_ts$test[1:12], arima_forecast2[1:12])"
"1","[1]"
"1"," 0.01061427"
"1","
"
"0","mae(wheat_ts$test[1:12], sarima_forecast2[1:12])"
"1","[1]"
"1"," 0.01132588"
"1","
"
"0","mae(wheat_ts$test[1:12], arima_forecast2[1:12]) > rmse(wheat_ts$test[1:12], sarima_forecast2[1:12])"
"1","[1]"
"1"," FALSE"
"1","
"
"0","# evaluating the difference between the arima and sarima rolling window one-step ahead forecast (10 years of data)"
"0","mae(wheat_ts$test[1:12], arima_forecast3[1:12])"
"1","[1]"
"1"," 0.01060164"
"1","
"
"0","mae(wheat_ts$test[1:12], sarima_forecast3[1:12])"
"1","[1]"
"1"," 0.01116791"
"1","
"
"0","mae(wheat_ts$test[1:12], arima_forecast3[1:12]) > rmse(wheat_ts$test[1:12], sarima_forecast3[1:12])"
"1","[1]"
"1"," FALSE"
"1","
"
