"0","library(Metrics)"
"0","## RMSE"
"0","# evaluating the difference between the arima and sarima recursive multi-step ahead forecast "
"0","rmse(maize_ts$test[1:12], arima_forecast1$mean[1:12])"
"1","[1]"
"1"," 0.01621701"
"1","
"
"0","rmse(maize_ts$test[1:12], sarima_forecast1$mean[1:12])"
"1","[1]"
"1"," 0.01503212"
"1","
"
"0","rmse(maize_ts$test[1:12], arima_forecast1$mean[1:12]) > rmse(maize_ts$test[1:12], sarima_forecast1$mean[1:12])"
"1","[1]"
"1"," TRUE"
"1","
"
"0","# evaluating the difference between the arima and sarima expanding window one-step ahead forecast"
"0","rmse(maize_ts$test[1:12], arima_forecast2[1:12])"
"1","[1]"
"1"," 0.01034015"
"1","
"
"0","rmse(maize_ts$test[1:12], sarima_forecast2[1:12])"
"1","[1]"
"1"," 0.01106838"
"1","
"
"0","rmse(maize_ts$test[1:12], arima_forecast2[1:12]) > rmse(maize_ts$test[1:12], sarima_forecast2[1:12])"
"1","[1]"
"1"," FALSE"
"1","
"
"0","# evaluating the difference between the arima and sarima rolling window one-step ahead forecast (10 years of data)"
"0","rmse(maize_ts$test[1:12], arima_forecast3[1:12])"
"1","[1]"
"1"," 0.01036895"
"1","
"
"0","rmse(maize_ts$test[1:12], sarima_forecast3[1:12])"
"1","[1]"
"1"," 0.01121858"
"1","
"
"0","rmse(maize_ts$test[1:12], arima_forecast3[1:12]) > rmse(maize_ts$test[1:12], sarima_forecast3[1:12])"
"1","[1]"
"1"," FALSE"
"1","
"
