"0",""
"0","### MAPE"
"0",""
"0","# evaluating the difference between the arima recursive and arima expanding forecast "
"0","mape(sorgh_ts$test, arima_forecast1$mean)"
"1","[1]"
"1"," 0.2248664"
"1","
"
"0","mape(sorgh_ts$test, arima_forecast2)"
"1","[1]"
"1"," 0.126309"
"1","
"
"0","mape(sorgh_ts$test, arima_forecast1$mean) > mape(sorgh_ts$test, arima_forecast2)"
"1","[1]"
"1"," TRUE"
"1","
"
"0","# evaluating the difference between the arima recursive and arima rolling window one-step ahead forecast"
"0","mape(sorgh_ts$test, arima_forecast1$mean)"
"1","[1]"
"1"," 0.2248664"
"1","
"
"0","mape(sorgh_ts$test, arima_forecast3)"
"1","[1]"
"1"," 0.1263538"
"1","
"
"0","mape(sorgh_ts$test, arima_forecast1$mean) > mape(sorgh_ts$test, arima_forecast3)"
"1","[1]"
"1"," TRUE"
"1","
"
"0","# evaluating the difference between the arima rolling and arima expanding"
"0","mape(sorgh_ts$test, arima_forecast3)"
"1","[1]"
"1"," 0.1263538"
"1","
"
"0","mape(sorgh_ts$test, arima_forecast2)"
"1","[1]"
"1"," 0.126309"
"1","
"
"0","mape(sorgh_ts$test, arima_forecast2) > mape(sorgh_ts$test, arima_forecast3)"
"1","[1]"
"1"," FALSE"
"1","
"
