"0","# setting the working directory"
"0",""
"0","setwd(""~/Desktop/R-code and data"")"
"0",""
"0","# importing the original data"
"0","df <- read.csv(""Sudan_Khartm_Sorghum_Jan2001_Jan2020.csv"")"
"0","colnames(df) <- c('date', 'price')"
"0",""
"0","# transforming the data to a ts object"
"0","sorgh_ts <- ts(as.vector(t(df$price)), c(2001,1), end = c(2020,1), frequency = 12) "
"0","str(sorgh_ts); start(sorgh_ts); end(sorgh_ts); frequency(sorgh_ts)"
"1"," Time-Series [1:229] from 2001 to 2020: "
"1",""
"1","0.27 0.25 0.25 0.24 0.24 0.21 0.23 0.24 0.2 0.16"
"1",""
"1"," ..."
"1",""
"1","
"
"1","[1]"
"1"," 2001"
"1","    1"
"1","
"
"1","[1]"
"1"," 2020"
"1","    1"
"1","
"
"1","[1]"
"1"," 12"
"1","
"
"0","summary(sorgh_ts)"
"1","   Min. "
"1","1st Qu. "
"1"," Median "
"1","   Mean "
"1","3rd Qu. "
"1","   Max. "
"1","
"
"1"," 0.1300 "
"1"," 0.2400 "
"1"," 0.4100 "
"1"," 0.3814 "
"1"," 0.4800 "
"1"," 0.7900 "
"1","
"
"0","library(fBasics)"
"0","basicStats(sorgh_ts)"
