"0","# Short-run forecast"
"0",""
"0","#Predict Close Price on test data"
"0","data.test2$SVM_Prediction <- predict(svm.price.model, newdata = data.test2[,-1])"
"0",""
"0",""
"0","#plot"
"0","rol.f <- ts(data.test2$SVM_Prediction, start = 2016, frequency = 12)"
"0",""
"0",""
"0","# model evaluation"
"0",""
"0","regr.eval(data.test2$Price, data.test2$SVM_Prediction)"
"1","        mae "
"1","        mse "
"1","       rmse "
"1","       mape "
"1","
"
"1","0.051543298 "
"1","0.003710875 "
"1","0.060916951 "
"1","0.134127009 "
"1","
"
