"0","# setting a working directory (change directory before use)"
"0",""
"0","setwd(""~/Desktop/R-code and data"")"
"0",""
"0","# importing the original data"
"0","df <- read.csv(""Ethio_Addis_Wheat_Jan2000_Jan2021.csv"")"
"0","colnames(df) <- c('date', 'price')"
"0",""
"0","# transforming the data to a ts object"
"0","wheat_ts <- ts(as.vector(t(df$price)), c(2000,1), end = c(2021,1), frequency = 12) "
"0","str(wheat_ts); start(wheat_ts); end(wheat_ts); frequency(wheat_ts)"
"1"," Time-Series [1:253] from 2000 to 2021: "
"1",""
"1","0.21 0.21 0.22 0.25 0.25 0.25 0.25 0.25 0.24 0.23"
"1",""
"1"," ..."
"1",""
"1","
"
"1","[1]"
"1"," 2000"
"1","    1"
"1","
"
"1","[1]"
"1"," 2021"
"1","    1"
"1","
"
"1","[1]"
"1"," 12"
"1","
"
"0","summary(wheat_ts)"
"1","   Min. "
"1","1st Qu. "
"1"," Median "
"1","   Mean "
"1","3rd Qu. "
"1","   Max. "
"1","
"
"1"," 0.1200 "
"1"," 0.2500 "
"1"," 0.3800 "
"1"," 0.3719 "
"1"," 0.4800 "
"1"," 0.7100 "
"1","
"
"0","library(fBasics)"
"2","Loading required package: timeDate
"
"2","Loading required package: timeSeries
"
"0","basicStats(wheat_ts)"
