"0","## MAPE"
"0","# evaluating the difference between the arima and sarima recursive multi-step ahead forecast "
"0","mape(wheat_ts$test[1:12], arima_forecast1$mean[1:12])"
"1","[1]"
"1"," 0.16873"
"1","
"
"0","mape(wheat_ts$test[1:12], sarima_forecast1$mean[1:12])"
"1","[1]"
"1"," 0.1672627"
"1","
"
"0","mape(wheat_ts$test[1:12], arima_forecast1$mean[1:12]) > rmse(wheat_ts$test[1:12], sarima_forecast1$mean[1:12])"
"1","[1]"
"1"," TRUE"
"1","
"
"0","# evaluating the difference between the arima and sarima expanding window one-step ahead forecast"
"0","mape(wheat_ts$test[1:12], arima_forecast2[1:12])"
"1","[1]"
"1"," 0.02679604"
"1","
"
"0","mape(wheat_ts$test[1:12], sarima_forecast2[1:12])"
"1","[1]"
"1"," 0.02859048"
"1","
"
"0","mape(wheat_ts$test[1:12], arima_forecast2[1:12]) > rmse(wheat_ts$test[1:12], sarima_forecast2[1:12])"
"1","[1]"
"1"," TRUE"
"1","
"
"0","# evaluating the difference between the arima and sarima rolling window one-step ahead forecast (10 years of data)"
"0","mape(wheat_ts$test[1:12], arima_forecast3[1:12])"
"1","[1]"
"1"," 0.02675443"
"1","
"
"0","mape(wheat_ts$test[1:12], sarima_forecast3[1:12])"
"1","[1]"
"1"," 0.02817854"
"1","
"
"0","mape(wheat_ts$test[1:12], arima_forecast3[1:12]) > rmse(wheat_ts$test[1:12], sarima_forecast3[1:12])"
"1","[1]"
"1"," TRUE"
"1","
"
