"0",""
"0","### MAPE"
"0",""
"0","# evaluating the difference between the arima and sarima recursive multi-step ahead forecast "
"0","mape(wheat_ts$test, arima_forecast1$mean)"
"1","[1]"
"1"," 0.1539822"
"1","
"
"0","mape(wheat_ts$test, sarima_forecast1$mean)"
"1","[1]"
"1"," 0.1543475"
"1","
"
"0","mape(wheat_ts$test, arima_forecast1$mean) > rmse(wheat_ts$test, sarima_forecast1$mean)"
"1","[1]"
"1"," TRUE"
"1","
"
"0","# evaluating the difference between the arima and sarima expanding window one-step ahead forecast"
"0","mape(wheat_ts$test, arima_forecast2)"
"1","[1]"
"1"," 0.03249987"
"1","
"
"0","mape(wheat_ts$test, sarima_forecast2)"
"1","[1]"
"1"," 0.03311508"
"1","
"
"0","mape(wheat_ts$test, arima_forecast2) > rmse(wheat_ts$test, sarima_forecast2)"
"1","[1]"
"1"," TRUE"
"1","
"
"0","# evaluating the difference between the arima and sarima rolling window one-step ahead forecast (10 years of data)"
"0","mape(wheat_ts$test, arima_forecast3)"
"1","[1]"
"1"," 0.03247493"
"1","
"
"0","mape(wheat_ts$test, sarima_forecast3)"
"1","[1]"
"1"," 0.03301563"
"1","
"
"0","mape(wheat_ts$test, arima_forecast3) > rmse(wheat_ts$test, sarima_forecast3)"
"1","[1]"
"1"," TRUE"
"1","
"
