"0",""
"0","### MAE"
"0",""
"0","# evaluating the difference between the arima and sarima recursive multi-step ahead forecast "
"0","mae(maize_ts$test, arima_forecast1$mean)"
"1","[1]"
"1"," 0.04716882"
"1","
"
"0","mae(maize_ts$test, sarima_forecast1$mean)"
"1","[1]"
"1"," 0.04637263"
"1","
"
"0","mae(maize_ts$test, arima_forecast1$mean) > rmse(maize_ts$test, sarima_forecast1$mean)"
"1","[1]"
"1"," FALSE"
"1","
"
"0","# evaluating the difference between the arima and sarima expanding window one-step ahead forecast"
"0","mae(maize_ts$test, arima_forecast2)"
"1","[1]"
"1"," 0.0212062"
"1","
"
"0","mae(maize_ts$test, sarima_forecast2)"
"1","[1]"
"1"," 0.02175331"
"1","
"
"0","mae(maize_ts$test, arima_forecast2) > rmse(maize_ts$test, sarima_forecast2)"
"1","[1]"
"1"," FALSE"
"1","
"
"0","# evaluating the difference between the arima and sarima rolling window one-step ahead forecast (10 years of data)"
"0","mae(maize_ts$test, arima_forecast3)"
"1","[1]"
"1"," 0.02268966"
"1","
"
"0","mae(maize_ts$test, sarima_forecast3)"
"1","[1]"
"1"," 0.02311767"
"1","
"
"0","mae(maize_ts$test, arima_forecast3) > rmse(maize_ts$test, sarima_forecast3)"
"1","[1]"
"1"," FALSE"
"1","
"
