"0","## MAE"
"0",""
"0","# evaluating the difference between the arima recursive and arima expanding forecast "
"0","mae(sorgh_ts$test[1:12], arima_forecast1$mean[1:12])"
"1","[1]"
"1"," 0.08399996"
"1","
"
"0","mae(sorgh_ts$test[1:12], arima_forecast2[1:12])"
"1","[1]"
"1"," 0.02558715"
"1","
"
"0","mae(sorgh_ts$test[1:12], arima_forecast1$mean[1:12]) > mae(sorgh_ts$test[1:12], arima_forecast2[1:12])"
"1","[1]"
"1"," TRUE"
"1","
"
"0","# evaluating the difference between the arima recursive and arima rolling window one-step ahead forecast"
"0","mae(sorgh_ts$test[1:12], arima_forecast1$mean[1:12])"
"1","[1]"
"1"," 0.08399996"
"1","
"
"0","mae(sorgh_ts$test[1:12], arima_forecast3[1:12])"
"1","[1]"
"1"," 0.02544987"
"1","
"
"0","mae(sorgh_ts$test[1:12], arima_forecast1$mean[1:12]) > mae(sorgh_ts$test[1:12], arima_forecast3[1:12])"
"1","[1]"
"1"," TRUE"
"1","
"
"0","# evaluating the difference between the arima rolling and arima expanding"
"0","mae(sorgh_ts$test[1:12], arima_forecast3[1:12])"
"1","[1]"
"1"," 0.02544987"
"1","
"
"0","mae(sorgh_ts$test[1:12], arima_forecast2[1:12])"
"1","[1]"
"1"," 0.02558715"
"1","
"
"0","mae(sorgh_ts$test[1:12], arima_forecast2[1:12]) > mae(sorgh_ts$test[1:12], arima_forecast3[1:12])"
"1","[1]"
"1"," TRUE"
"1","
"
