"0","library(Metrics)"
"0","### RMSE"
"0",""
"0","# evaluating the difference between the arima recursive and arima expanding forecast "
"0","rmse(sorgh_ts$test[1:12], arima_forecast1$mean[1:12])"
"1","[1]"
"1"," 0.09890858"
"1","
"
"0","rmse(sorgh_ts$test[1:12], arima_forecast2[1:12])"
"1","[1]"
"1"," 0.03477418"
"1","
"
"0","rmse(sorgh_ts$test[1:12], arima_forecast1$mean[1:12]) > rmse(sorgh_ts$test[1:12], arima_forecast2[1:12])"
"1","[1]"
"1"," TRUE"
"1","
"
"0","# evaluating the difference between the arima recursive and arima rolling window one-step ahead forecast"
"0","rmse(sorgh_ts$test[1:12], arima_forecast1$mean[1:12])"
"1","[1]"
"1"," 0.09890858"
"1","
"
"0","rmse(sorgh_ts$test[1:12], arima_forecast3[1:12])"
"1","[1]"
"1"," 0.03495014"
"1","
"
"0","rmse(sorgh_ts$test[1:12], arima_forecast1$mean[1:12]) > rmse(sorgh_ts$test[1:12], arima_forecast3[1:12])"
"1","[1]"
"1"," TRUE"
"1","
"
"0","# evaluating the difference between the arima rolling and arima expanding"
"0","rmse(sorgh_ts$test[1:12], arima_forecast3[1:12])"
"1","[1]"
"1"," 0.03495014"
"1","
"
"0","rmse(sorgh_ts$test[1:12], arima_forecast2[1:12])"
"1","[1]"
"1"," 0.03477418"
"1","
"
"0","rmse(sorgh_ts$test[1:12], arima_forecast2[1:12]) > rmse(sorgh_ts$test[1:12], arima_forecast3[1:12])"
"1","[1]"
"1"," FALSE"
"1","
"
