"0",""
"0",""
"0","# ann 1 (recursive method for ann using NN autoregressive)"
"0",""
"0",""
"0",""
"0","# number of nodes in a single layer"
"0",""
"0",""
"0","set.seed(100)"
"0","alpha <- 1.5^(-10)"
"0","hn <- round(length(mz_price.1)/(alpha*(length(mz_price.1)+ length(mz_price.2))))"
"0",""
"0",""
"0","# Fitting nnetar model"
"0",""
"0","dnn_pred <- nnetar(mz_price.1, size= hn, lambda = ""auto"")"
"0",""
"0",""
"0","# Forecasting with the fitted model"
"0",""
"0","dnn_forecast <- forecast(dnn_pred, h= length(mz_price.2), PI = TRUE)"
"0","plot(dnn_forecast)"
