"0",""
"0","library(forecast)"
"0",""
"0","# recursive multi-step ahead forecast"
"0","arima_forecast1 <- forecast(arima_fit, h = length(sorgh_ts$test))"
"0",""
"0",""
"0","# expanding window one-step ahead forecast"
"0",""
"0","newfit_arima <- Arima(c(sorgh_ts$train, sorgh_ts$test), model=arima_fit)"
"0","arima_forecast2 <- fitted(newfit_arima)[181:229]"
"0",""
"0",""
"0","# rolling window one-step ahead forecast: using the last 100 observations"
"0","order_arima <- arimaorder(arima_fit)"
"0","arima_forecast3 <- matrix(0, nrow=length(sorgh_ts$test), ncol=1)"
"0",""
"0",""
"0","# rolling window for the arima model"
"0","for(i in 1:length(sorgh_ts$test)){  "
"0","  x <- window(sorgh_ts_copy, end=2015.9999 + (i-1)/12, start=2005.9999 + (i-1)/12)"
"0","  refit <- Arima(x, order=order_arima[1:3])"
"0","  arima_forecast3[i,] <- forecast(refit, h=1)$mean"
"0","}"
"0",""
"0",""
