"0",""
"0","# Preparing new data frame"
"0",""
"0","sorgdata <- sorghum"
"0",""
"0",""
"0",""
"0","# Creating lagged prices"
"0","sorgdata$pricelag1 <- Lag(sorghum$Price, 1)"
"0","sorgdata$pricelag12 <- Lag(sorghum$Price, 12)"
"0",""
"0",""
"0",""
"0","sorgdata <- na.omit(sorgdata)"
"0",""
"0",""
"0","# Delimit training range"
"0","data.train <- sorgdata[1:168,]"
"0",""
"0","# Delimit testing range"
"0","data.test <- sorgdata[169:217,]"
"0",""
"0","data.test2 <- sorgdata[169:192,] # short-run testing set"
"0",""
"0",""
