"0","# preparing data"
"0",""
"0","sorghum <- read_csv(""Sudan_Khartm_Sorghum_Jan2001_Jan2020.csv"", col_names = c(""Date"",""Price""), col_types = cols(""Price"" = col_number()), skip = 1) "
"0",""
"0",""
"0","# removing missing values"
"0","sorghum <- na.omit(sorghum)"
"0",""
"0",""
"0","sr_price <- ts(sorghum$Price, start = 2001 , frequency = 12)"
"0",""
"0","sr_price.1 <- window(sr_price, end = 2015.917) # 75%"
"0","sr_price.2 <- window(sr_price, start= 2016.000) "
"0","sr_price.3 <- window(sr_price, start= 2016.000, end = 2017.000) # short-run"
"0",""
