"0",""
"0",""
"0",""
"0","wheat <- read_csv(""Ethio_Addis_Wheat_Jan2000_Jan2021.csv"", col_names = c(""Date"",""Price""), col_types = cols(""Price"" = col_number()), skip = 1) "
"0",""
"0",""
"0","# removing missing values"
"0","wheat <- na.omit(wheat)"
"0",""
"0",""
"0","price <- ts(wheat$Price, start = 2000 , frequency = 12)"
"0",""
"0",""
"0","# preparing new ts data"
"0",""
"0","price <- ts(wheat$Price, start = 2000 , frequency = 12)"
"0",""
"0","price.1 <- window(price, end = 2015.917)"
"0","price.2 <- window(price, start= 2016.000)"
"0","price.3 <- window(price, start= 2016.000, end = 2017.000)"
"0",""
"0",""
"0",""
"0",""
"0",""
"0","# Preparing new data frame"
"0",""
"0","wheatdata <- wheat"
"0",""
"0",""
"0","# Creating lagged prices"
"0",""
"0","wheatdata$pricelag1 <- Lag(wheatdata$Price, 1)"
"0","wheatdata$pricelag12 <- Lag(wheatdata$Price, 12)  "
"0",""
"0",""
"0","# using up to lag 12 only so that not to over fit and not to waste data"
"0",""
"0","wheatdata <- na.omit(wheatdata)"
"0",""
"0","# Delimit training range"
"0","data.train <- wheatdata[1:180,]"
"0",""
"0","# Delimit testing range"
"0","data.test <- wheatdata[181:241,]"
"0",""
"0","data.test2 <- wheatdata[181:204,] # short-run testing set"
"0",""
