"0","## MAPE"
"0","# evaluating the difference between the arima and sarima recursive multi-step ahead forecast "
"0","mape(maize_ts$test[1:12], arima_forecast1$mean[1:12])"
"1","[1]"
"1"," 0.04532069"
"1","
"
"0","mape(maize_ts$test[1:12], sarima_forecast1$mean[1:12])"
"1","[1]"
"1"," 0.0393636"
"1","
"
"0","mape(maize_ts$test[1:12], arima_forecast1$mean[1:12]) > rmse(maize_ts$test[1:12], sarima_forecast1$mean[1:12])"
"1","[1]"
"1"," TRUE"
"1","
"
"0","# evaluating the difference between the arima and sarima expanding window one-step ahead forecast"
"0","mape(maize_ts$test[1:12], arima_forecast2[1:12])"
"1","[1]"
"1"," 0.02633156"
"1","
"
"0","mape(maize_ts$test[1:12], sarima_forecast2[1:12])"
"1","[1]"
"1"," 0.02848381"
"1","
"
"0","mape(maize_ts$test[1:12], arima_forecast2[1:12]) > rmse(maize_ts$test[1:12], sarima_forecast2[1:12])"
"1","[1]"
"1"," TRUE"
"1","
"
"0","# evaluating the difference between the arima and sarima rolling window one-step ahead forecast (10 years of data)"
"0","mape(maize_ts$test[1:12], arima_forecast3[1:12])"
"1","[1]"
"1"," 0.02644435"
"1","
"
"0","mape(maize_ts$test[1:12], sarima_forecast3[1:12])"
"1","[1]"
"1"," 0.02898952"
"1","
"
"0","mape(maize_ts$test[1:12], arima_forecast3[1:12]) > rmse(maize_ts$test[1:12], sarima_forecast3[1:12])"
"1","[1]"
"1"," TRUE"
"1","
"
