{"chunk_definitions":[{"row":29,"row_count":1,"visible":true,"expansion_state":0,"options":{"engine":"r","label":"unnamed-chunk-26"},"document_id":"3C956AA7","chunk_id":"c59anjrfoej33","chunk_label":"unnamed-chunk-1"},{"row":38,"row_count":1,"visible":true,"expansion_state":0,"options":{"engine":"r","label":"unnamed-chunk-27"},"document_id":"3C956AA7","chunk_id":"cg2l36zohn81w","chunk_label":"unnamed-chunk-2"},{"row":59,"row_count":1,"visible":true,"expansion_state":0,"options":{"engine":"r","label":"unnamed-chunk-28"},"document_id":"3C956AA7","chunk_id":"c2q5j9uz1fnq0","chunk_label":"unnamed-chunk-3"},{"row":76,"row_count":1,"visible":true,"expansion_state":0,"options":{"engine":"r","label":"unnamed-chunk-32"},"document_id":"3C956AA7","chunk_id":"c3haz2hpfvbec","chunk_label":"unnamed-chunk-4"},{"row":95,"row_count":1,"visible":true,"expansion_state":0,"options":{"engine":"r","label":"unnamed-chunk-35"},"document_id":"3C956AA7","chunk_id":"cnhezmm7ioc45","chunk_label":"unnamed-chunk-5"},{"row":122,"row_count":1,"visible":true,"expansion_state":0,"options":{"engine":"r","label":"unnamed-chunk-36"},"document_id":"3C956AA7","chunk_id":"cempaqtupvaxv","chunk_label":"unnamed-chunk-6"},{"row":148,"row_count":1,"visible":true,"expansion_state":0,"options":{"engine":"r","label":"unnamed-chunk-37"},"document_id":"3C956AA7","chunk_id":"ciqkwv2ama0ln","chunk_label":"unnamed-chunk-7"},{"row":168,"row_count":1,"visible":true,"expansion_state":0,"options":{"engine":"r","label":"unnamed-chunk-38"},"document_id":"3C956AA7","chunk_id":"c06h8iv2qsu02","chunk_label":"unnamed-chunk-8"},{"row":184,"row_count":1,"visible":true,"expansion_state":0,"options":{"engine":"r","label":"unnamed-chunk-39"},"document_id":"3C956AA7","chunk_id":"co260k55j74cj","chunk_label":"unnamed-chunk-9"},{"row":219,"row_count":1,"visible":true,"expansion_state":0,"options":{"engine":"r","label":"unnamed-chunk-40"},"document_id":"3C956AA7","chunk_id":"cbojlg6d2h6qm","chunk_label":"unnamed-chunk-10"},{"row":250,"row_count":1,"visible":true,"expansion_state":0,"options":{"engine":"r","label":"unnamed-chunk-41"},"document_id":"3C956AA7","chunk_id":"cgr9r9fpkdhbr","chunk_label":"unnamed-chunk-11"},{"row":275,"row_count":1,"visible":true,"expansion_state":0,"options":{"engine":"r","label":"unnamed-chunk-42"},"document_id":"3C956AA7","chunk_id":"cm96kqh2r05dr","chunk_label":"unnamed-chunk-12"},{"row":298,"row_count":1,"visible":true,"expansion_state":0,"options":{"engine":"r","label":"unnamed-chunk-43"},"document_id":"3C956AA7","chunk_id":"cpufkdc95zqej","chunk_label":"unnamed-chunk-13"},{"row":321,"row_count":1,"visible":true,"expansion_state":0,"options":{"engine":"r","label":"unnamed-chunk-44"},"document_id":"3C956AA7","chunk_id":"c3z93n37c9ip6","chunk_label":"unnamed-chunk-14"},{"row":347,"row_count":1,"visible":true,"expansion_state":0,"options":{"engine":"r","label":"unnamed-chunk-45"},"document_id":"3C956AA7","chunk_id":"clvb7kx5zuygy","chunk_label":"unnamed-chunk-15"},{"row":368,"row_count":1,"visible":true,"expansion_state":0,"options":{"engine":"r","label":"unnamed-chunk-46"},"document_id":"3C956AA7","chunk_id":"cw9yin71c4b35","chunk_label":"unnamed-chunk-16"},{"row":387,"row_count":1,"visible":true,"expansion_state":0,"options":{"engine":"r","label":"unnamed-chunk-47"},"document_id":"3C956AA7","chunk_id":"c481qcaavxv4u","chunk_label":"unnamed-chunk-17"},{"row":440,"row_count":1,"visible":true,"expansion_state":0,"options":{"engine":"r","label":"unnamed-chunk-3"},"document_id":"3C956AA7","chunk_id":"c1r3cu9dew51p","chunk_label":"unnamed-chunk-19"},{"row":470,"row_count":1,"visible":true,"expansion_state":0,"options":{"engine":"r","label":"unnamed-chunk-4"},"document_id":"3C956AA7","chunk_id":"c1kd94exi192m","chunk_label":"unnamed-chunk-20"},{"row":510,"row_count":1,"visible":true,"expansion_state":0,"options":{"engine":"r","label":"unnamed-chunk-4"},"document_id":"3C956AA7","chunk_id":"cksgb9s5hw5m0","chunk_label":"unnamed-chunk-21"},{"row":514,"row_count":1,"visible":true,"expansion_state":0,"options":{"engine":"r","label":"unnamed-chunk-54"},"document_id":"3C956AA7","chunk_id":"ci6hrk5viv2xt","chunk_label":"unnamed-chunk-22"},{"row":541,"row_count":1,"visible":true,"expansion_state":0,"options":{"engine":"r","label":"unnamed-chunk-5"},"document_id":"3C956AA7","chunk_id":"c1vjsr2gtrjbw","chunk_label":"unnamed-chunk-23"},{"row":562,"row_count":1,"visible":true,"expansion_state":0,"options":{"engine":"r","label":"unnamed-chunk-6"},"document_id":"3C956AA7","chunk_id":"cn43siw2gpflv","chunk_label":"unnamed-chunk-24"},{"row":618,"row_count":1,"visible":true,"expansion_state":0,"options":{"engine":"r","label":"unnamed-chunk-7"},"document_id":"3C956AA7","chunk_id":"cidjldvg4wruh","chunk_label":"unnamed-chunk-25"},{"row":636,"row_count":1,"visible":true,"expansion_state":0,"options":{"engine":"r","label":"unnamed-chunk-58"},"document_id":"3C956AA7","chunk_id":"c2vokbg96b9dl","chunk_label":"unnamed-chunk-26"},{"row":692,"row_count":1,"visible":true,"expansion_state":0,"options":{"engine":"r","label":"unnamed-chunk-1"},"document_id":"3C956AA7","chunk_id":"cqvp5xw43j7qv","chunk_label":"unnamed-chunk-27"},{"row":712,"row_count":1,"visible":true,"expansion_state":0,"options":{"engine":"r","label":"unnamed-chunk-1"},"document_id":"3C956AA7","chunk_id":"c1fm35y9mod6o","chunk_label":"unnamed-chunk-28"},{"row":776,"row_count":1,"visible":true,"expansion_state":0,"options":{"engine":"r","label":"unnamed-chunk-1"},"document_id":"3C956AA7","chunk_id":"cqyac6fp6vrpl","chunk_label":"unnamed-chunk-29"},{"row":798,"row_count":1,"visible":true,"expansion_state":0,"options":{"engine":"r","label":"unnamed-chunk-62"},"document_id":"3C956AA7","chunk_id":"cuw4z1cm6abfo","chunk_label":"unnamed-chunk-30"},{"row":856,"row_count":1,"visible":true,"expansion_state":0,"options":{"engine":"r","label":"unnamed-chunk-1"},"document_id":"3C956AA7","chunk_id":"c9j56yxb2tmrz","chunk_label":"unnamed-chunk-31"},{"row":875,"row_count":1,"visible":true,"expansion_state":0,"options":{"engine":"r","label":"unnamed-chunk-2"},"document_id":"3C956AA7","chunk_id":"cz1mz7s1s9ack","chunk_label":"unnamed-chunk-32"},{"row":922,"row_count":1,"visible":true,"expansion_state":0,"options":{"engine":"r","label":"unnamed-chunk-5"},"document_id":"3C956AA7","chunk_id":"cos8iahyj0b9g","chunk_label":"unnamed-chunk-33"},{"row":957,"row_count":1,"visible":true,"expansion_state":0,"options":{"engine":"r","label":"unnamed-chunk-4"},"document_id":"3C956AA7","chunk_id":"cx2s9b4ahiyit","chunk_label":"unnamed-chunk-34"},{"row":1001,"row_count":1,"visible":true,"expansion_state":0,"options":{"engine":"r","label":"unnamed-chunk-74"},"document_id":"3C956AA7","chunk_id":"c2c1jljcun2zg","chunk_label":"unnamed-chunk-35"},{"row":1055,"row_count":1,"visible":true,"expansion_state":0,"options":{"engine":"r","label":"unnamed-chunk-75"},"document_id":"3C956AA7","chunk_id":"cdklkfyt82u0x","chunk_label":"unnamed-chunk-36"},{"row":1079,"row_count":1,"visible":true,"expansion_state":0,"options":{"engine":"r","label":"unnamed-chunk-76"},"document_id":"3C956AA7","chunk_id":"c3e3flbbfavo7","chunk_label":"unnamed-chunk-37"}],"doc_write_time":1632222517}