"0",""
"0",""
"0","# model evaluation"
"0","annar_recurs <- as.ts(dnn_forecast$mean, start = 2016, frequency = 12)"
"0",""
"0","accuracy(annar_recurs, price.2)"
"1","[1]"
"1"," 0"
"1","
"
"0","regr.eval(price.2, annar_recurs)"
"1","       mae "
"1","       mse "
"1","      rmse "
"1","      mape "
"1","
"
"1","0.08422016 "
"1","0.01011612 "
"1","0.10057891 "
"1","0.16696455 "
"1","
"
"0","# Short-run forecast"
"0",""
"0",""
"0","# model evaluation"
"0","annar_recurs_sr <- ts(dnn_forecast_sr$mean, start = 2016, frequency = 12)"
"0",""
"0","accuracy(annar_recurs_sr, price.3)"
"1","[1]"
"1"," 0"
"1","
"
"0","regr.eval(price.3, annar_recurs_sr)"
"1","        mae "
"1","        mse "
"1","       rmse "
"1","       mape "
"1","
"
"1","0.052382365 "
"1","0.003488482 "
"1","0.059063370 "
"1","0.138440092 "
"1","
"
