"0","library(forecast)"
"0",""
"0","# recursive multi-step ahead forecast"
"0","arima_forecast1 <- forecast(arima_fit, h = length(maize_ts$test))"
"0","sarima_forecast1 <- forecast(sarima_fit, h = length(maize_ts$test))"
"0",""
"0","# expanding window one-step ahead forecast"
"0",""
"0","newfit_arima <- Arima(c(maize_ts$train, maize_ts$test), model=arima_fit)"
"0","newfit_sarima <- Arima(c(maize_ts$train, maize_ts$test), model=sarima_fit)"
"0","arima_forecast2 <- fitted(newfit_arima)[121:181]"
"0","sarima_forecast2 <- fitted(newfit_sarima)[121:181]"
"0",""
"0","# rolling window one-step ahead forecast: using the last 100 observations"
"0","order_arima <- arimaorder(arima_fit)"
"0","order_sarima <- arimaorder(sarima_fit)"
"0","arima_forecast3 <- matrix(0, nrow=length(maize_ts$test), ncol=1)"
"0","sarima_forecast3 <- matrix(0, nrow=length(maize_ts$test), ncol=1)"
"0",""
"0","# rolling window for the arima model"
"0","for(i in 1:length(maize_ts$test)){  "
"0","  x <- window(maize_ts_copy, end=2015.9999 + (i-1)/12, start=2005.9999 + (i-1)/12)"
"0","  refit <- Arima(x, order=order_arima[1:3])"
"0","  arima_forecast3[i,] <- forecast(refit, h=1)$mean"
"0","}"
"2","'start' value not changed"
"0","# rolling window for the sarima model"
"0","for(i in 1:length(maize_ts$test)){  "
"0","  x <- window(maize_ts_copy, end=2015.9999 + (i-1)/12, start=2005.9999 + (i-1)/12)"
"0","  refit <- Arima(x, order=order_sarima[1:3], seasonal=order_sarima[4:6])"
"0","  sarima_forecast3[i,] <- forecast(refit, h=1)$mean"
"0","}"
"2","'start' value not changed"
