"0",""
"0","### MAE"
"0",""
"0","# evaluating the difference between the arima recursive and arima expanding forecast "
"0","mae(sorgh_ts$test, arima_forecast1$mean)"
"1","[1]"
"1"," 0.101448"
"1","
"
"0","mae(sorgh_ts$test, arima_forecast2)"
"1","[1]"
"1"," 0.04971701"
"1","
"
"0","mae(sorgh_ts$test, arima_forecast1$mean) > mae(sorgh_ts$test, arima_forecast2)"
"1","[1]"
"1"," TRUE"
"1","
"
"0","# evaluating the difference between the arima recursive and arima rolling window one-step ahead forecast"
"0","mae(sorgh_ts$test, arima_forecast1$mean)"
"1","[1]"
"1"," 0.101448"
"1","
"
"0","mae(sorgh_ts$test, arima_forecast3)"
"1","[1]"
"1"," 0.04800595"
"1","
"
"0","mae(sorgh_ts$test, arima_forecast1$mean) > mae(sorgh_ts$test, arima_forecast3)"
"1","[1]"
"1"," TRUE"
"1","
"
"0","# evaluating the difference between the arima rolling and arima expanding"
"0","mae(sorgh_ts$test, arima_forecast3)"
"1","[1]"
"1"," 0.04800595"
"1","
"
"0","mae(sorgh_ts$test, arima_forecast2)"
"1","[1]"
"1"," 0.04971701"
"1","
"
"0","mae(sorgh_ts$test, arima_forecast2) > mae(sorgh_ts$test, arima_forecast3)"
"1","[1]"
"1"," TRUE"
"1","
"
