{"chunk_definitions":[{"row":30,"row_count":1,"visible":true,"expansion_state":0,"options":{"engine":"r","label":"unnamed-chunk-1"},"document_id":"0B32A8AB","chunk_id":"ct4aggxfns5oz","chunk_label":"unnamed-chunk-1"},{"row":38,"row_count":1,"visible":true,"expansion_state":0,"options":{"engine":"r","label":"unnamed-chunk-2"},"document_id":"0B32A8AB","chunk_id":"ceoug3jx3jdrp","chunk_label":"unnamed-chunk-2"},{"row":58,"row_count":1,"visible":true,"expansion_state":0,"options":{"engine":"r","label":"unnamed-chunk-3"},"document_id":"0B32A8AB","chunk_id":"cj541uxx6p10e","chunk_label":"unnamed-chunk-3"},{"row":75,"row_count":1,"visible":true,"expansion_state":0,"options":{"engine":"r","label":"unnamed-chunk-4"},"document_id":"0B32A8AB","chunk_id":"c19snx6vvphlt","chunk_label":"unnamed-chunk-4"},{"row":101,"row_count":1,"visible":true,"expansion_state":0,"options":{"engine":"r","label":"unnamed-chunk-5"},"document_id":"0B32A8AB","chunk_id":"cuo8f7g9rk6bu","chunk_label":"unnamed-chunk-5"},{"row":129,"row_count":1,"visible":true,"expansion_state":0,"options":{"engine":"r","label":"unnamed-chunk-6"},"document_id":"0B32A8AB","chunk_id":"cgis15fy8nckw","chunk_label":"unnamed-chunk-6"},{"row":152,"row_count":1,"visible":true,"expansion_state":0,"options":{"engine":"r","label":"unnamed-chunk-7"},"document_id":"0B32A8AB","chunk_id":"cxrb5jcup67gx","chunk_label":"unnamed-chunk-7"},{"row":174,"row_count":1,"visible":true,"expansion_state":0,"options":{"engine":"r","label":"unnamed-chunk-8"},"document_id":"0B32A8AB","chunk_id":"cfl7dtrloci2z","chunk_label":"unnamed-chunk-8"},{"row":214,"row_count":1,"visible":true,"expansion_state":0,"options":{"engine":"r","label":"unnamed-chunk-9"},"document_id":"0B32A8AB","chunk_id":"cyj3zzr8qhf71","chunk_label":"unnamed-chunk-9"},{"row":241,"row_count":1,"visible":true,"expansion_state":0,"options":{"engine":"r","label":"unnamed-chunk-10"},"document_id":"0B32A8AB","chunk_id":"cdesuc4n7i96t","chunk_label":"unnamed-chunk-10"},{"row":266,"row_count":1,"visible":true,"expansion_state":0,"options":{"engine":"r","label":"unnamed-chunk-11"},"document_id":"0B32A8AB","chunk_id":"ch751xkvqo82y","chunk_label":"unnamed-chunk-11"},{"row":287,"row_count":1,"visible":true,"expansion_state":0,"options":{"engine":"r","label":"unnamed-chunk-12"},"document_id":"0B32A8AB","chunk_id":"cbn0yiwj0s02c","chunk_label":"unnamed-chunk-12"},{"row":308,"row_count":1,"visible":true,"expansion_state":0,"options":{"engine":"r","label":"unnamed-chunk-13"},"document_id":"0B32A8AB","chunk_id":"cx2hb2d1y9xut","chunk_label":"unnamed-chunk-13"},{"row":334,"row_count":1,"visible":true,"expansion_state":0,"options":{"engine":"r","label":"unnamed-chunk-14"},"document_id":"0B32A8AB","chunk_id":"cau4xbevriyrg","chunk_label":"unnamed-chunk-14"},{"row":353,"row_count":1,"visible":true,"expansion_state":0,"options":{"engine":"r","label":"unnamed-chunk-15"},"document_id":"0B32A8AB","chunk_id":"cezkjmtyu76dh","chunk_label":"unnamed-chunk-15"},{"row":372,"row_count":1,"visible":true,"expansion_state":0,"options":{"engine":"r","label":"unnamed-chunk-16"},"document_id":"0B32A8AB","chunk_id":"cj79xg2d0sqmz","chunk_label":"unnamed-chunk-16"},{"row":402,"row_count":1,"visible":true,"expansion_state":0,"options":{"engine":"r","label":"unnamed-chunk-9"},"document_id":"0B32A8AB","chunk_id":"cxg4xbfk355mm","chunk_label":"unnamed-chunk-17"},{"row":456,"row_count":1,"visible":true,"expansion_state":0,"options":{"engine":"r","label":"unnamed-chunk-30"},"document_id":"0B32A8AB","chunk_id":"cdua0cdrza5zl","chunk_label":"unnamed-chunk-18"},{"row":497,"row_count":1,"visible":true,"expansion_state":0,"options":{"engine":"r","label":"unnamed-chunk-19"},"document_id":"0B32A8AB","chunk_id":"cj8nqfgn3gp3f","chunk_label":"unnamed-chunk-19"},{"row":501,"row_count":1,"visible":true,"expansion_state":0,"options":{"engine":"r","label":"unnamed-chunk-20"},"document_id":"0B32A8AB","chunk_id":"c26fy6eo02oej","chunk_label":"unnamed-chunk-20"},{"row":532,"row_count":1,"visible":true,"expansion_state":0,"options":{"engine":"r","label":"unnamed-chunk-21"},"document_id":"0B32A8AB","chunk_id":"coqh9m5gdq562","chunk_label":"unnamed-chunk-21"},{"row":553,"row_count":1,"visible":true,"expansion_state":0,"options":{"engine":"r","label":"unnamed-chunk-22"},"document_id":"0B32A8AB","chunk_id":"ck38imgpbqwpq","chunk_label":"unnamed-chunk-22"},{"row":616,"row_count":1,"visible":true,"expansion_state":0,"options":{"engine":"r","label":"unnamed-chunk-23"},"document_id":"0B32A8AB","chunk_id":"c6gb5zykgl707","chunk_label":"unnamed-chunk-23"},{"row":635,"row_count":1,"visible":true,"expansion_state":0,"options":{"engine":"r","label":"unnamed-chunk-24"},"document_id":"0B32A8AB","chunk_id":"covz92470a166","chunk_label":"unnamed-chunk-24"},{"row":691,"row_count":1,"visible":true,"expansion_state":0,"options":{"engine":"r","label":"unnamed-chunk-25"},"document_id":"0B32A8AB","chunk_id":"c7c04u5hcjr7x","chunk_label":"unnamed-chunk-25"},{"row":711,"row_count":1,"visible":true,"expansion_state":0,"options":{"engine":"r","label":"unnamed-chunk-26"},"document_id":"0B32A8AB","chunk_id":"cfquf39rqbnj6","chunk_label":"unnamed-chunk-26"},{"row":780,"row_count":1,"visible":true,"expansion_state":0,"options":{"engine":"r","label":"unnamed-chunk-27"},"document_id":"0B32A8AB","chunk_id":"cxdrjlqbc54z0","chunk_label":"unnamed-chunk-27"},{"row":798,"row_count":1,"visible":true,"expansion_state":0,"options":{"engine":"r","label":"unnamed-chunk-28"},"document_id":"0B32A8AB","chunk_id":"ckgd3cdwer7m2","chunk_label":"unnamed-chunk-28"},{"row":852,"row_count":1,"visible":true,"expansion_state":0,"options":{"engine":"r","label":"unnamed-chunk-29"},"document_id":"0B32A8AB","chunk_id":"cnerv5jcfmtb7","chunk_label":"unnamed-chunk-29"},{"row":869,"row_count":1,"visible":true,"expansion_state":0,"options":{"engine":"r","label":"unnamed-chunk-30"},"document_id":"0B32A8AB","chunk_id":"c7m0ptn7f56qn","chunk_label":"unnamed-chunk-30"},{"row":915,"row_count":1,"visible":true,"expansion_state":0,"options":{"engine":"r","label":"unnamed-chunk-31"},"document_id":"0B32A8AB","chunk_id":"coo53kf35macm","chunk_label":"unnamed-chunk-31"},{"row":952,"row_count":1,"visible":true,"expansion_state":0,"options":{"engine":"r","label":"unnamed-chunk-37"},"document_id":"0B32A8AB","chunk_id":"cfwd2rrga3b1w","chunk_label":"unnamed-chunk-32"},{"row":996,"row_count":1,"visible":true,"expansion_state":0,"options":{"engine":"r","label":"unnamed-chunk-34"},"document_id":"0B32A8AB","chunk_id":"calhod3iodyb3","chunk_label":"unnamed-chunk-33"},{"row":1052,"row_count":1,"visible":true,"expansion_state":0,"options":{"engine":"r","label":"unnamed-chunk-35"},"document_id":"0B32A8AB","chunk_id":"cniu2he0ri6fg","chunk_label":"unnamed-chunk-34"},{"row":1076,"row_count":1,"visible":true,"expansion_state":0,"options":{"engine":"r","label":"unnamed-chunk-36"},"document_id":"0B32A8AB","chunk_id":"c7orkxrygjxnp","chunk_label":"unnamed-chunk-35"}],"doc_write_time":1632222533}