"0",""
"0","### MAPE"
"0",""
"0","# evaluating the difference between the arima and sarima recursive multi-step ahead forecast "
"0","mape(maize_ts$test, arima_forecast1$mean)"
"1","[1]"
"1"," 0.1351517"
"1","
"
"0","mape(maize_ts$test, sarima_forecast1$mean)"
"1","[1]"
"1"," 0.1312709"
"1","
"
"0","mape(maize_ts$test, arima_forecast1$mean) > rmse(maize_ts$test, sarima_forecast1$mean)"
"1","[1]"
"1"," TRUE"
"1","
"
"0","# evaluating the difference between the arima and sarima expanding window one-step ahead forecast"
"0","mape(maize_ts$test, arima_forecast2)"
"1","[1]"
"1"," 0.06137639"
"1","
"
"0","mape(maize_ts$test, sarima_forecast2)"
"1","[1]"
"1"," 0.06374945"
"1","
"
"0","mape(maize_ts$test, arima_forecast2) > rmse(maize_ts$test, sarima_forecast2)"
"1","[1]"
"1"," TRUE"
"1","
"
"0","# evaluating the difference between the arima and sarima rolling window one-step ahead forecast (10 years of data)"
"0","mape(maize_ts$test, arima_forecast3)"
"1","[1]"
"1"," 0.066009"
"1","
"
"0","mape(maize_ts$test, sarima_forecast3)"
"1","[1]"
"1"," 0.06811133"
"1","
"
"0","mape(maize_ts$test, arima_forecast3) > rmse(maize_ts$test, sarima_forecast3)"
"1","[1]"
"1"," TRUE"
"1","
"
