"0",""
"0","# Short-run"
"0",""
"0","#Predict Close Price on test data"
"0","data.test2$NN_Prediction <- predict(neural.price.model, newdata = data.test2)"
"0",""
"0",""
"0","# viz comparison plot"
"0",""
"0","rol.f <- ts(data.test2$NN_Prediction, start = 2016, frequency = 12)"
"0",""
"0",""
"0",""
"0","# model evaluation"
"0",""
"0","regr.eval(data.test2$Price, rol.f)"
"1","       mae "
"1","       mse "
"1","      rmse "
"1","      mape "
"1","
"
"1","0.08574168 "
"1","0.01266017 "
"1","0.11251743 "
"1","0.14596527 "
"1","
"
