"0",""
"0","# Preparing new data frame"
"0",""
"0",""
"0","maizdata <- read_csv(""Kenya_Nairobi_Maize_Jan2006_Jan2021.csv"", col_names = c(""Date"",""Price""), col_types = cols(""Price"" = col_number()), skip = 1)"
"0","            "
"0",""
"0","# time series format"
"0","mz_price <- ts(maizdata$Price, start = 2006 , frequency = 12)"
"0",""
"0","mz_price.1 <- window(mz_price, end = 2016.917) "
"0","mz_price.2 <- window(mz_price, start= 2017.000) "
"0","mz_price.3 <- window(mz_price, start= 2017.000, end = 2018.000) "
"0",""
"0",""
"0","# Creating lagged prices"
"0","maizdata$pricelag1 <- Lag(maizdata$Price, 1)"
"0","maizdata$pricelag12 <- Lag(maizdata$Price, 12)"
"0",""
"0","#omit missing values"
"0","maizdata <- na.omit(maizdata)"
"0",""
"0",""
"0",""
"0","# Delimit training range"
"0","data.train <- maizdata[1:120,]"
"0",""
"0",""
"0","# Delimit testing range"
"0","data.test <- maizdata[121:166,]"
"0",""
"0","data.test2 <- maizdata[121:143,]"
"0",""
"0",""
