"0",""
"0","# SVM using lags and train with cross validation"
"0",""
"0",""
"0",""
"0","# SVR Model with lag12"
"0",""
"0","set.seed(100)"
"0",""
"0","trainControl = trainControl(method=""repeatedcv"", number=10, repeats=10)"
"0",""
"0","svm.price.model = train(Price ~ pricelag12 , "
"0","                        data=data.train[,-1], "
"0","                        method=""svmLinear"","
"0","                        metric = ""RMSE"","
"0","                        preProc= c('center', 'scale'),"
"0","                        tuneLength = 10,"
"0","                        trControl=trainControl)"
"0",""
"0",""
"0","svm.price.model"
"1","Support Vector Machines with Linear Kernel"
"1"," "
"1","

"
"1","120"
"1",""
"1"," samples"
"1","
"
"1","  1"
"1",""
"1"," predictor"
"1",""
"1","
"
"1","
"
"1","Pre-processing: centered (1), scaled (1)"
"1"," "
"1","
"
"1","Resampling:"
"1"," "
"1","Cross-Validated (10 fold, repeated 10 times)"
"1"," "
"1","
"
"1","Summary of sample sizes:"
"1"," "
"1","108, 108, 108, 108, 108, 108, ..."
"1"," "
"1","
"
"1","Resampling results"
"1",":

"
"1",""
"1","  RMSE      "
"1","  Rsquared "
"1","  MAE      "
"1","
"
"1","  0.07236487"
"1","  0.1492606"
"1","  0.0583933"
"1","
"
"1","
"
"1","Tuning parameter 'C' was held constant at a value of 1"
"1","
"
"1",""
"0","#Predict Close Price on test data"
"0","data.test$SVM_Prediction <- predict(svm.price.model, newdata = data.test[,-1])"
"0",""
"0",""
"0",""
"0",""
"0","#plot"
"0","rol.f <- ts(data.test$SVM_Prediction, start = 2017, frequency = 12)"
"0","plot(rol.f)"
